{
  "extraction_date": "2025-12-24T14:23:22.892309",
  "num_images": 500,
  "feature_dim": 128,
  "feature_mean": 0.08015471170446126,
  "feature_std": 0.2027143109690961
}