{
  "timestamp": "2025-12-24T15:06:40.301791",
  "threshold": 0.9,
  "num_users": 100,
  "metrics": {
    "TAR": 0.925,
    "FRR": 0.07499999999999996,
    "TRR": 0.95,
    "FAR": 0.050000000000000044,
    "EER": 0.06625,
    "EER_threshold": 0.8828828828828829,
    "Accuracy": 0.9333333333333333
  },
  "genuine_tests": 400,
  "imposter_tests": 200
}