{
  "timestamp": "2025-12-24T10:44:45.639060",
  "num_users": 10,
  "metrics": {
    "TAR": 0.7333333333333333,
    "FRR": 0.2666666666666667,
    "TRR": 0.55,
    "FAR": 0.44999999999999996,
    "EER": 0.18333333333333335,
    "EER_threshold": 0.9090909090909092,
    "Accuracy": 0.66
  },
  "genuine_scores": [
    1.0,
    1.0,
    0.0,
    0.0,
    1.0,
    0.0,
    1.0,
    0.0,
    1.0,
    1.0,
    0.984375,
    0.9609375,
    0.0,
    0.0,
    0.0,
    0.9765625,
    0.9375,
    0.921875,
    1.0,
    1.0,
    1.0,
    0.0,
    1.0,
    1.0,
    0.96875,
    0.9765625,
    0.953125,
    1.0,
    1.0,
    1.0
  ],
  "imposter_scores": [
    0.0,
    0.859375,
    0.890625,
    0.890625,
    0.9453125,
    0.0,
    0.0,
    0.9296875,
    0.84375,
    0.0,
    0.0,
    0.0,
    0.0,
    0.0,
    0.90625,
    0.8828125,
    0.0,
    0.0,
    0.859375,
    0.0
  ]
}